{
  "i18n/i18n_pt_BR.properties": 1641563404322,
  "i18n/i18n_pt.properties": 1641563404322,
  "i18n/i18n_es.properties": 1641563404321,
  "i18n/i18n_en.properties": 1641563404319,
  "i18n/i18n.properties": 1641563404298,
  "model/columnsExcel.js": 1641563404327,
  "model/models.js": 1641563404358,
  "model/formatter.js": 1641563404353,
  "model/entity.js": 1641563404328,
  "manifest.json": 1641567430191,
  "controller/NotFound.controller.js": 1641563710866,
  "controller/Main.controller.js": 1641563710866,
  "controller/ErrorHandler.js": 1641563710865,
  "controller/BaseController.js": 1641563710865,
  "controller/App.controller.js": 1641563710865,
  "Component.js": 1641563710865,
  "manifest-bundle.zip": 1641567429786,
  "Component-preload.js": 1641567430090,
  "controller/App-dbg.controller.js": 1641563710865,
  "model/formatter-dbg.js": 1641563404353,
  "model/entity-dbg.js": 1641563404328,
  "model/columnsExcel-dbg.js": 1641563404327,
  "controller/NotFound-dbg.controller.js": 1641563710866,
  "controller/Main-dbg.controller.js": 1641563710866,
  "controller/ErrorHandler-dbg.js": 1641563710865,
  "controller/BaseController-dbg.js": 1641563710865,
  "model/models-dbg.js": 1641563404358,
  "Component-dbg.js": 1641563710865,
  "view/fragments/Review.fragment.xml": 1641563711377,
  "view/fragments/LogsData.fragment.xml": 1641563711377,
  "view/NotFound.view.xml": 1641563710865,
  "view/Main.view.xml": 1641564442796,
  "view/App.view.xml": 1641563710865,
  "css/style.css": 1641563404297,
  "index.html": 1641563711377
}