{
  "welcomeFile": "/index.html",
  "authenticationMethod": "route",
  "routes": [
    {
        "csrfProtection": false,
        "source": "^/v2/catalog/",
        "destination": "capobjectstore",
        "authenticationType": "xsuaa"
      },
      {
        "csrfProtection": false,
        "source": "^/catalog/",
        "destination": "capobjectstore",
        "authenticationType": "xsuaa"
      },

    {
      "source": "^(.*)$",
      "target": "$1",
      "service": "html5-apps-repo-rt",
      "authenticationType": "xsuaa"
    }
  ]
}
